Date,Close,High_^JKSE,Low_^JKSE,Open_^JKSE,Volume,USD_IDR
2023-01-02,6850.98388671875,6856.88916015625,6823.47900390625,6850.740234375,109645000,15508.7998046875
2023-01-03,6888.7578125,6908.001953125,6838.57421875,6850.98388671875,156894900,15550.0
2023-01-04,6813.23876953125,6900.60302734375,6813.23876953125,6888.798828125,142541400,15571.7998046875
2023-01-05,6653.8408203125,6813.421875,6621.98681640625,6813.27978515625,180589300,15560.0
2023-01-06,6684.55810546875,6708.63720703125,6598.64599609375,6653.759765625,109855600,15620.0
2023-01-09,6688.26513671875,6726.9658203125,6638.64599609375,6684.55810546875,135949700,15602.2998046875
2023-01-10,6622.4990234375,6690.22900390625,6570.2431640625,6688.26513671875,144817300,15580.0
2023-01-11,6584.453125,6622.794921875,6557.919921875,6622.5390625,124903900,15528.900390625
2023-01-12,6629.93408203125,6662.22900390625,6574.0888671875,6584.494140625,148901900,15414.0
2023-01-13,6641.830078125,6658.47607421875,6600.59423828125,6629.93408203125,165594900,15172.0
2023-01-16,6688.05712890625,6688.05712890625,6627.69677734375,6641.830078125,154893500,15114.7998046875
2023-01-17,6767.33984375,6801.87109375,6688.05712890625,6688.05712890625,217634400,15082.0
2023-01-18,6765.7861328125,6790.1640625,6721.4638671875,6767.17822265625,194959200,15162.0
2023-01-19,6819.9072265625,6820.98486328125,6754.5517578125,6765.74609375,154234600,15096.0
2023-01-20,6874.93115234375,6874.93115234375,6819.5322265625,6819.9072265625,173846000,15141.0
2023-01-24,6860.85400390625,6906.791015625,6841.0068359375,6874.93115234375,196805400,15007.0
2023-01-25,6829.93017578125,6871.36376953125,6821.27978515625,6860.85400390625,187905300,14955.5
2023-01-26,6864.81787109375,6874.869140625,6815.78515625,6829.97021484375,171067600,14938.7001953125
2023-01-27,6898.98095703125,6932.708984375,6864.81787109375,6864.81787109375,149187500,14942.5
2023-01-30,6872.48095703125,6925.46923828125,6834.0810546875,6899.02197265625,134698100,14970.400390625
2023-01-31,6839.341796875,6880.9599609375,6827.2431640625,6872.52099609375,151785000,14995.0
2023-02-01,6862.2578125,6893.18408203125,6838.916015625,6838.916015625,145899200,14990.7001953125
2023-02-02,6890.57177734375,6896.73193359375,6855.3671875,6862.2578125,189189500,14855.0
2023-02-03,6911.73193359375,6951.966796875,6890.7138671875,6890.7138671875,202858400,14881.0
2023-02-06,6873.791015625,6924.8828125,6835.7578125,6911.73193359375,143480000,15078.7998046875
2023-02-07,6935.30078125,6946.23388671875,6873.791015625,6873.791015625,173101600,15200.0
2023-02-08,6940.1240234375,6961.9189453125,6912.10888671875,6935.30078125,172668200,15147.0
2023-02-09,6897.365234375,6961.15185546875,6896.0400390625,6940.1240234375,176681300,15117.0
2023-02-10,6880.3291015625,6895.23779296875,6803.41796875,6895.23779296875,140803700,15140.0
2023-02-13,6900.14013671875,6915.14404296875,6871.8828125,6880.3291015625,213914100,15182.2001953125
2023-02-14,6941.85498046875,6941.85498046875,6900.14013671875,6900.14013671875,162808100,15211.0
2023-02-15,6914.5380859375,6946.0341796875,6872.869140625,6941.85498046875,148477900,15179.0
2023-02-16,6895.6640625,6933.28076171875,6875.30078125,6914.5380859375,173648600,15210.0
2023-02-17,6895.7138671875,6919.091796875,6868.27978515625,6895.6640625,180098400,15142.0
2023-02-20,6894.716796875,6910.5048828125,6863.6708984375,6895.85595703125,175859700,15159.0
2023-02-21,6873.40478515625,6923.6728515625,6870.9111328125,6894.716796875,144215700,15162.5
2023-02-22,6809.9677734375,6875.39013671875,6781.22900390625,6873.26318359375,149215500,15233.0
2023-02-23,6839.4541015625,6839.4541015625,6806.9970703125,6810.10888671875,124488600,15192.0
2023-02-24,6856.576171875,6880.31201171875,6839.4541015625,6839.4541015625,130300200,15210.0
2023-02-27,6854.77685546875,6871.11181640625,6819.8720703125,6856.576171875,127631500,15257.7001953125
2023-02-28,6843.23876953125,6890.35400390625,6843.23876953125,6854.77685546875,167931100,15209.0
2023-03-01,6844.93603515625,6889.51416015625,6833.18896484375,6843.09814453125,146293200,15240.0
2023-03-02,6857.4150390625,6875.09814453125,6841.86181640625,6845.078125,136086000,15243.0
2023-03-03,6813.63623046875,6884.1162109375,6804.47607421875,6857.4150390625,118736600,15322.0
2023-03-06,6807.0009765625,6856.56884765625,6801.18994140625,6813.9189453125,137055800,15255.099609375
2023-03-07,6766.7578125,6812.958984375,6758.0009765625,6806.85888671875,140398600,15352.0
2023-03-08,6776.3701171875,6776.3701171875,6728.19091796875,6766.7578125,144130900,15437.0
2023-03-09,6799.794921875,6824.6640625,6776.3701171875,6776.3701171875,113187000,15450.0
2023-03-10,6765.3017578125,6799.794921875,6741.41015625,6799.794921875,131746200,15489.0
2023-03-13,6786.955078125,6812.8740234375,6727.44287109375,6765.01806640625,141798000,15472.599609375
2023-03-14,6641.81396484375,6786.671875,6635.3759765625,6786.671875,166605500,15409.0
2023-03-15,6628.13720703125,6709.86083984375,6628.13720703125,6641.81396484375,139210500,15372.0
2023-03-16,6565.72802734375,6630.76806640625,6542.7919921875,6628.13720703125,154420700,15479.0
2023-03-17,6678.23681640625,6683.09423828125,6565.72802734375,6565.72802734375,455755600,15422.0
2023-03-20,6612.490234375,6678.23681640625,6587.68896484375,6678.23681640625,128905000,15368.5
2023-03-21,6691.61083984375,6691.61083984375,6609.22314453125,6612.490234375,145475100,15340.0
2023-03-24,6762.25390625,6776.90478515625,6692.166015625,6694.01708984375,146575100,15047.0
2023-03-27,6708.93310546875,6772.59521484375,6704.751953125,6762.25390625,135182600,15148.0
2023-03-28,6760.328125,6764.65478515625,6708.93310546875,6708.93310546875,126113300,15107.5
2023-03-29,6839.43603515625,6851.505859375,6760.328125,6760.328125,143324900,15061.0
2023-03-30,6808.951171875,6868.6328125,6803.0927734375,6839.43603515625,140466800,15031.5
2023-03-31,6805.27685546875,6831.55322265625,6789.60986328125,6809.0927734375,139015200,15020.0
2023-04-03,6827.1748046875,6849.35791015625,6805.126953125,6805.27685546875,127453100,14988.0
2023-04-04,6833.17822265625,6859.69287109375,6781.52392578125,6827.033203125,131576400,14915.0
2023-04-05,6819.6748046875,6867.3369140625,6816.43017578125,6833.17822265625,123965500,14958.0
2023-04-06,6792.76513671875,6832.72998046875,6786.287109375,6819.6748046875,172852900,14956.0
2023-04-10,6771.23486328125,6799.494140625,6735.19287109375,6792.76513671875,129368500,14906.0
2023-04-11,6811.31396484375,6811.31396484375,6738.76611328125,6771.23486328125,161404500,14955.0
2023-04-12,6798.9638671875,6833.744140625,6775.2841796875,6811.455078125,151427200,14913.0
2023-04-13,6785.59814453125,6816.884765625,6764.6591796875,6798.541015625,161495800,14823.5
2023-04-14,6818.57421875,6838.07177734375,6785.7001953125,6785.8798828125,137035000,14720.0
2023-04-17,6787.58203125,6829.509765625,6765.14208984375,6818.71484375,94860100,14693.0
2023-04-18,6821.80712890625,6839.7587890625,6784.1728515625,6787.58203125,103660800,14860.0
2023-04-26,6910.14697265625,6910.14697265625,6821.59912109375,6821.80712890625,120164300,14935.0
2023-04-27,6945.47705078125,6971.91015625,6877.64990234375,6910.84814453125,161595900,14841.5
2023-04-28,6915.7158203125,6958.6728515625,6897.708984375,6945.47705078125,130620700,14684.0
2023-05-02,6863.3017578125,6920.3359375,6814.34423828125,6915.7158203125,136480100,14671.5
2023-05-03,6812.72216796875,6865.61181640625,6776.89599609375,6863.3017578125,121306900,14752.5
2023-05-04,6844.02685546875,6846.1240234375,6780.0869140625,6812.72216796875,137517900,14680.5
2023-05-05,6787.630859375,6851.5859375,6733.77587890625,6844.02685546875,148189400,14700.0
2023-05-08,6769.630859375,6798.32177734375,6756.6611328125,6787.4912109375,179625500,14668.0
2023-05-09,6779.97998046875,6793.76611328125,6742.17919921875,6769.630859375,172097200,14750.0
2023-05-10,6811.90478515625,6820.123046875,6775.19287109375,6780.40087890625,181480200,14767.0
2023-05-11,6755.93798828125,6814.1240234375,6717.4248046875,6811.90478515625,162906200,14691.0
2023-05-12,6707.76318359375,6755.93798828125,6704.56591796875,6755.93798828125,173779500,14770.5
2023-05-15,6711.740234375,6729.2998046875,6656.64794921875,6708.4638671875,142578400,14743.0
2023-05-16,6676.56396484375,6729.07421875,6659.0732421875,6711.740234375,156372400,14795.0
2023-05-17,6663.11376953125,6706.59521484375,6661.4677734375,6676.423828125,180449300,14885.0
2023-05-19,6700.56103515625,6715.03076171875,6662.7490234375,6663.11376953125,161565100,14916.0
2023-05-22,6729.64697265625,6757.6240234375,6675.876953125,6700.56103515625,167491100,14918.0
2023-05-23,6736.68408203125,6772.64697265625,6727.06787109375,6729.64697265625,162216500,14886.0
2023-05-24,6745.80419921875,6755.8828125,6713.89306640625,6736.68408203125,137679300,14895.0
2023-05-25,6704.23095703125,6749.712890625,6702.52978515625,6745.80419921875,156986800,14945.900390625
2023-05-26,6687.0009765625,6727.2861328125,6669.23583984375,6704.23095703125,181504900,14970.0
2023-05-29,6681.10205078125,6708.3671875,6617.23681640625,6687.28076171875,164801800,14948.0
2023-05-30,6636.4228515625,6700.23779296875,6636.4228515625,6681.10205078125,173775000,14960.0
2023-05-31,6633.26123046875,6657.64990234375,6562.955078125,6636.4228515625,615071900,14979.0
2023-06-05,6633.43701171875,6663.71484375,6598.509765625,6633.26123046875,152714500,14983.0
2023-06-06,6618.9228515625,6677.56787109375,6602.00390625,6633.43701171875,231838500,14849.5
2023-06-07,6619.7548828125,6638.5810546875,6578.755859375,6619.06298828125,162881000,14872.0
2023-06-08,6666.330078125,6666.330078125,6598.419921875,6619.7548828125,168616600,14889.0
2023-06-09,6694.02392578125,6703.82421875,6648.958984375,6666.0498046875,182769600,14836.0
2023-06-12,6722.373046875,6722.373046875,6670.52197265625,6694.583984375,158712000,14833.0
2023-06-13,6719.01416015625,6744.0380859375,6697.07080078125,6722.373046875,176568000,14871.5
2023-06-14,6699.716796875,6744.64404296875,6672.85595703125,6718.8740234375,178279800,14869.0
2023-06-15,6713.794921875,6717.4560546875,6660.9091796875,6699.716796875,151187300,14909.0
2023-06-16,6698.546875,6726.4560546875,6669.3359375,6713.51513671875,172061800,14897.0
2023-06-19,6686.05908203125,6705.0380859375,6669.0498046875,6698.546875,161424500,14928.0
2023-06-20,6660.455078125,6692.44091796875,6626.14892578125,6686.05908203125,118276600,15008.0
2023-06-21,6702.625,6702.625,6635.673828125,6660.455078125,120273100,15016.0
2023-06-22,6652.26123046875,6717.97607421875,6652.26123046875,6702.76513671875,168533600,14943.0
2023-06-23,6639.73291015625,6665.6630859375,6635.48193359375,6652.26123046875,113447100,14935.0
2023-06-26,6664.66796875,6674.06005859375,6622.18408203125,6639.73291015625,126037100,14987.0
2023-06-27,6661.87890625,6679.6259765625,6652.90380859375,6664.66796875,142328900,15039.0
2023-07-03,6696.7158203125,6696.7158203125,6660.82421875,6661.73583984375,125551000,14986.0
2023-07-04,6681.75390625,6713.9931640625,6672.77392578125,6696.85888671875,146273000,15056.0
2023-07-05,6718.97705078125,6719.05615234375,6676.93408203125,6681.75390625,148911000,15010.0
2023-07-06,6757.3310546875,6766.27294921875,6712.07421875,6718.26318359375,179543000,15077.0
2023-07-07,6716.458984375,6757.0478515625,6711.22314453125,6757.0478515625,158332900,15189.2998046875
2023-07-10,6731.0380859375,6763.5458984375,6716.458984375,6716.458984375,123617000,15128.0
2023-07-11,6796.923828125,6796.923828125,6730.6298828125,6731.18017578125,160428000,15216.0
2023-07-12,6808.208984375,6820.17919921875,6785.85595703125,6796.923828125,161722800,15156.7998046875
2023-07-13,6810.212890625,6835.73779296875,6783.7412109375,6808.35107421875,171443900,14928.0
2023-07-14,6869.57177734375,6874.77587890625,6810.212890625,6810.212890625,160702800,14954.0
2023-07-17,6867.14404296875,6931.27197265625,6867.14404296875,6869.712890625,176805700,14951.0
2023-07-18,6830.203125,6902.14306640625,6798.43212890625,6867.14404296875,150363000,14982.5
2023-07-20,6864.18896484375,6874.89208984375,6827.9990234375,6830.06103515625,142032500,14992.0
2023-07-21,6880.8017578125,6880.8017578125,6837.64599609375,6864.18896484375,131640100,15051.5
2023-07-24,6899.39599609375,6929.68408203125,6877.9482421875,6880.8017578125,150084400,15018.0
2023-07-25,6917.7109375,6944.6201171875,6897.97802734375,6897.97802734375,150504400,15021.5
2023-07-26,6948.27880859375,6955.97509765625,6917.4072265625,6917.7109375,149683800,15032.0
2023-07-27,6896.6630859375,6966.1669921875,6896.6630859375,6948.27880859375,158624100,15007.0
2023-07-28,6900.22998046875,6904.10498046875,6857.3681640625,6896.80517578125,146686100,15095.0
2023-07-31,6931.35888671875,6931.35888671875,6895.0732421875,6900.22998046875,171457600,15088.0
2023-08-01,6886.49609375,6934.38720703125,6880.466796875,6931.0751953125,196062700,15104.0
2023-08-02,6854.509765625,6886.49609375,6833.97998046875,6886.49609375,183858400,15131.0
2023-08-03,6898.0771484375,6924.05322265625,6839.7431640625,6854.509765625,163613400,15220.0
2023-08-04,6852.841796875,6925.01416015625,6850.89990234375,6898.21923828125,118791000,15161.0
2023-08-07,6886.3662109375,6904.35595703125,6852.841796875,6852.841796875,134540800,15163.0
2023-08-08,6868.81298828125,6915.05078125,6861.634765625,6886.5068359375,170357400,15232.0
2023-08-09,6875.11181640625,6901.06005859375,6863.083984375,6868.81298828125,218491200,15207.2001953125
2023-08-10,6893.27587890625,6910.7548828125,6875.11181640625,6875.11181640625,162734000,15207.0
2023-08-11,6879.97900390625,6906.64501953125,6865.11181640625,6893.27587890625,130736700,15259.0
2023-08-14,6910.171875,6910.171875,6823.75390625,6879.97900390625,138804900,15317.0
2023-08-15,6915.10107421875,6928.6298828125,6898.3818359375,6910.455078125,172760000,15347.0
2023-08-16,6900.5380859375,6915.10107421875,6855.88818359375,6915.10107421875,152291200,15311.5
2023-08-18,6859.912109375,6899.830078125,6856.37890625,6899.830078125,130737900,15362.5
2023-08-21,6866.033203125,6890.27587890625,6859.4228515625,6860.05322265625,207708300,15278.0
2023-08-22,6916.4501953125,6927.4482421875,6860.68896484375,6866.033203125,158573900,15318.900390625
2023-08-23,6921.41015625,6959.43212890625,6916.4501953125,6916.4501953125,170674700,15317.0
2023-08-24,6899.39208984375,6937.64892578125,6898.38818359375,6921.41015625,142846200,15294.099609375
2023-08-25,6895.44287109375,6906.083984375,6869.6328125,6899.39208984375,129994800,15239.0
2023-08-28,6921.72705078125,6940.12109375,6895.8681640625,6895.8681640625,185488900,15288.0
2023-08-29,6957.8349609375,6964.73388671875,6921.72705078125,6921.72705078125,244345800,15255.5
2023-08-30,6966.65576171875,7008.48681640625,6958.259765625,6958.259765625,159326300,15196.5
2023-08-31,6953.259765625,6982.34521484375,6924.22509765625,6966.65576171875,233127700,15216.0
2023-09-01,6977.65380859375,6992.634765625,6950.26416015625,6953.259765625,145790000,15231.0
2023-09-04,6996.75,7007.8017578125,6974.8232421875,6977.7958984375,154577900,15233.0
2023-09-05,6991.7080078125,7014.47998046875,6972.626953125,6996.75,183173900,15227.0
2023-09-06,6995.953125,7020.966796875,6989.7900390625,6991.7080078125,165422100,15298.0
2023-09-07,6954.80810546875,7003.671875,6927.4208984375,6996.09521484375,191159400,15336.0
2023-09-08,6924.77978515625,6966.76611328125,6900.5869140625,6954.80810546875,140402900,15342.0
2023-09-11,6963.39306640625,6963.39306640625,6904.36279296875,6924.77978515625,174103700,15318.0
2023-09-12,6933.96923828125,6976.47998046875,6928.22900390625,6963.39306640625,174683500,15339.099609375
2023-09-13,6935.47607421875,6944.82080078125,6903.23486328125,6934.10986328125,163898700,15350.2001953125
2023-09-14,6959.3330078125,6968.97705078125,6927.68017578125,6935.3349609375,171813100,15353.0
2023-09-15,6982.791015625,7011.87890625,6945.06982421875,6959.19091796875,346903000,15395.0
2023-09-18,6936.0830078125,6999.39794921875,6928.77099609375,6982.791015625,153763100,15346.0
2023-09-19,6980.32080078125,6994.037109375,6934.7109375,6936.3671875,135442200,15377.0
2023-09-20,7011.68115234375,7046.47509765625,6980.32080078125,6980.32080078125,146616600,15384.5
2023-09-21,6991.4658203125,7021.2939453125,6974.0087890625,7011.68115234375,138027800,15361.0
2023-09-22,7016.84423828125,7040.1298828125,6985.958984375,6991.4658203125,155659000,15400.5
2023-09-25,6998.380859375,7029.76611328125,6994.43896484375,7016.98486328125,182991900,15368.0
2023-09-26,6923.7998046875,7019.5517578125,6913.81689453125,6998.09716796875,222491300,15405.0
2023-09-27,6937.828125,6970.84619140625,6913.35205078125,6923.7998046875,154929800,15493.0
2023-09-29,6939.89208984375,6978.5927734375,6937.828125,6937.828125,165659400,15474.0
2023-10-02,6961.458984375,6984.5791015625,6939.61083984375,6939.89208984375,157872500,15448.0
2023-10-03,6940.88720703125,6992.626953125,6940.88720703125,6961.458984375,167668900,15516.0
2023-10-04,6886.576171875,6943.27392578125,6839.85791015625,6940.88720703125,196090300,15622.0
2023-10-05,6874.826171875,6934.80419921875,6874.826171875,6886.98583984375,167955300,15591.0
2023-10-06,6888.51806640625,6913.01220703125,6875.09912109375,6875.09912109375,142303700,15631.0
2023-10-09,6891.455078125,6929.97119140625,6880.5380859375,6888.51806640625,139709000,15603.0
2023-10-10,6922.18798828125,6954.0087890625,6891.455078125,6891.455078125,123670000,15691.400390625
2023-10-11,6931.7529296875,6965.8251953125,6914.72119140625,6922.18798828125,178123100,15718.5
2023-10-12,6935.15087890625,6986.8828125,6931.88916015625,6931.88916015625,218808900,15693.0
2023-10-13,6926.77978515625,6973.751953125,6902.05908203125,6934.8779296875,216335000,15739.0
2023-10-16,6896.2919921875,6970.59814453125,6878.26318359375,6926.916015625,341572100,15676.0
2023-10-17,6939.615234375,6948.0390625,6892.23291015625,6896.2919921875,176866700,15675.0
2023-10-18,6927.90576171875,6968.2548828125,6908.2861328125,6939.615234375,187464900,15728.2001953125
2023-10-19,6846.4267578125,6927.98095703125,6840.365234375,6927.6328125,205941400,15807.0
2023-10-20,6849.16796875,6869.47412109375,6803.19287109375,6846.4267578125,194064800,15856.0
2023-10-23,6741.9638671875,6853.44921875,6730.8759765625,6849.16796875,168543100,15868.0
2023-10-24,6806.76220703125,6826.048828125,6738.533203125,6741.828125,141478700,15874.0
2023-10-25,6834.38818359375,6878.56005859375,6806.89892578125,6806.89892578125,153802700,15868.0
2023-10-26,6714.51904296875,6838.80908203125,6704.52001953125,6833.97900390625,168306200,15877.5
2023-10-27,6758.79296875,6781.39306640625,6713.93701171875,6714.51904296875,163096100,15920.0
2023-10-30,6735.89208984375,6775.212890625,6692.77978515625,6758.6572265625,157763400,15903.5
2023-10-31,6752.2109375,6754.51611328125,6666.41015625,6735.89208984375,195489700,15843.0
2023-11-01,6642.41796875,6773.98095703125,6639.82421875,6751.93896484375,206571400,15748.7001953125
2023-11-02,6751.38623046875,6784.9951171875,6642.68994140625,6642.68994140625,221191100,15900.0
2023-11-03,6788.85009765625,6826.6181640625,6748.69580078125,6751.38623046875,231714900,15838.0
2023-11-06,6878.8359375,6878.8359375,6787.22802734375,6788.85009765625,228787500,15582.099609375
2023-11-07,6843.7900390625,6887.02294921875,6806.8818359375,6878.8359375,193087900,15570.0
2023-11-08,6804.10595703125,6843.91796875,6760.10205078125,6843.65380859375,151412300,15643.599609375
2023-11-09,6838.23291015625,6865.0771484375,6793.76416015625,6804.10595703125,120495400,15616.0
2023-11-10,6809.26318359375,6843.95703125,6801.9189453125,6838.23291015625,133618500,15713.7001953125
2023-11-13,6838.31201171875,6857.10302734375,6809.26318359375,6809.26318359375,187630200,15683.0
2023-11-14,6862.05517578125,6886.81005859375,6829.94921875,6838.0400390625,152609900,15667.0
2023-11-15,6958.205078125,6985.5908203125,6862.3271484375,6862.3271484375,181839600,15281.0
2023-11-16,6958.0078125,6964.1689453125,6906.59423828125,6958.3408203125,122880300,15487.7998046875
2023-11-17,6977.66796875,6977.66796875,6919.6298828125,6958.14501953125,122926700,15475.0
2023-11-20,6994.88818359375,7011.05908203125,6962.7509765625,6977.66796875,150491900,15399.400390625
2023-11-21,6961.7900390625,7010.97802734375,6946.9609375,6994.88818359375,160615900,15382.099609375
2023-11-22,6906.953125,6965.4111328125,6893.5068359375,6961.7900390625,181914600,15501.2998046875
2023-11-23,7004.34423828125,7018.42919921875,6906.60986328125,6907.0888671875,219080000,15612.7998046875
2023-11-24,7009.630859375,7049.541015625,7000.09716796875,7004.47998046875,181146200,15495.0
2023-11-27,7013.40576171875,7061.8271484375,7008.81298828125,7009.630859375,163462500,15560.0
2023-11-28,7041.0732421875,7067.14306640625,7010.8251953125,7013.40576171875,167633600,15466.5
2023-11-29,7036.0869140625,7070.19091796875,7020.01220703125,7041.0732421875,167555900,15259.0
2023-11-30,7080.7412109375,7109.60888671875,7036.0869140625,7036.0869140625,259745500,15407.0
2023-12-01,7059.90576171875,7083.85595703125,7022.76513671875,7080.06103515625,265990100,15549.2998046875
2023-12-04,7093.60009765625,7149.244140625,7060.0419921875,7060.0419921875,308380600,15437.400390625
2023-12-05,7100.85498046875,7117.578125,7047.6318359375,7093.05615234375,319577000,15519.900390625
2023-12-06,7087.39501953125,7140.1572265625,7085.81201171875,7100.85498046875,272847500,15457.0
2023-12-07,7134.623046875,7134.623046875,7041.0087890625,7087.39501953125,235230700,15480.0
2023-12-08,7159.59814453125,7201.62890625,7123.037109375,7134.623046875,270037600,15500.0
2023-12-11,7088.78515625,7153.115234375,7045.1728515625,7139.27587890625,490104800,15560.2001953125
2023-12-12,7125.30712890625,7134.22021484375,7082.8798828125,7104.97216796875,255110500,15647.0
2023-12-13,7075.3408203125,7124.47509765625,7045.94287109375,7110.0771484375,182766500,15569.0
2023-12-14,7176.01611328125,7191.1591796875,7115.44677734375,7134.0419921875,228648300,15275.0
2023-12-15,7190.98779296875,7215.93701171875,7169.43017578125,7183.14892578125,207901200,15468.0
2023-12-18,7119.52490234375,7192.89208984375,7092.02783203125,7181.43408203125,239480200,15282.7998046875
2023-12-19,7187.84619140625,7187.84619140625,7112.81787109375,7116.5458984375,155446500,15454.400390625
2023-12-20,7219.6669921875,7237.9658203125,7196.2412109375,7207.18017578125,142313600,15455.0
2023-12-21,7209.619140625,7229.2880859375,7173.0078125,7222.0927734375,144347800,15518.0
2023-12-22,7237.51904296875,7248.5478515625,7218.1748046875,7225.6201171875,111284900,15440.0
2023-12-27,7245.916015625,7293.52490234375,7239.6630859375,7256.158203125,124953000,15400.0
2023-12-28,7303.88818359375,7308.205078125,7262.25390625,7266.56884765625,123036000,15373.0
2023-12-29,7272.796875,7309.7822265625,7259.68212890625,7307.11083984375,123172800,15425.0
2024-01-02,7323.587890625,7323.587890625,7245.56591796875,7268.39794921875,121359000,15383.0
2024-01-03,7279.0908203125,7321.87890625,7275.8740234375,7316.10888671875,159498400,15498.0
2024-01-04,7359.76318359375,7371.23486328125,7280.4072265625,7290.06494140625,155674900,15555.0
2024-01-05,7350.619140625,7403.578125,7350.619140625,7376.2880859375,163057200,15511.0
2024-01-08,7283.5751953125,7393.1318359375,7275.1708984375,7362.046875,140602400,15477.5
2024-01-09,7200.203125,7311.63818359375,7180.1572265625,7299.783203125,152570700,15495.5
2024-01-10,7227.296875,7259.60107421875,7152.8779296875,7187.580078125,152699300,15534.5
2024-01-11,7219.9638671875,7277.5009765625,7219.9638671875,7253.4560546875,190523900,15555.0
2024-01-12,7241.13818359375,7271.8720703125,7205.7587890625,7242.3671875,152196500,15556.5
2024-01-15,7224.0009765625,7281.26123046875,7206.30712890625,7254.044921875,132959600,15503.2001953125
2024-01-16,7242.787109375,7268.17822265625,7210.02880859375,7231.63916015625,130295500,15546.0
2024-01-17,7200.634765625,7252.45703125,7162.48486328125,7248.01416015625,202143100,15625.0
2024-01-18,7252.966796875,7267.080078125,7185.37890625,7198.85009765625,158921700,15624.0
2024-01-19,7227.40185546875,7277.97900390625,7170.80517578125,7271.341796875,137359600,15613.099609375
2024-01-22,7247.92822265625,7247.92822265625,7194.951171875,7233.1728515625,141722200,15601.0
2024-01-23,7256.22900390625,7256.22900390625,7201.8291015625,7232.51611328125,132610200,15655.5
2024-01-24,7227.8232421875,7271.9580078125,7170.2978515625,7255.77001953125,128902300,15715.0
2024-01-25,7178.0419921875,7253.72021484375,7176.11181640625,7215.52685546875,130391900,15714.5
2024-01-26,7137.087890625,7166.68994140625,7099.083984375,7152.26904296875,140214300,15808.0
2024-01-29,7157.1748046875,7177.69677734375,7115.0361328125,7147.71484375,160408500,15767.599609375
2024-01-30,7192.2158203125,7213.18896484375,7133.61376953125,7147.23583984375,182161800,15828.0
2024-01-31,7207.94091796875,7247.51806640625,7192.64404296875,7213.30712890625,170270400,15785.0
2024-02-01,7201.69580078125,7248.52978515625,7191.69482421875,7221.85205078125,157409100,15769.0
2024-02-02,7238.78515625,7238.78515625,7180.35693359375,7221.90087890625,114364900,15726.0
2024-02-05,7198.615234375,7254.0888671875,7186.1708984375,7237.3349609375,137325900,15727.2001953125
2024-02-06,7247.408203125,7268.1318359375,7212.14013671875,7230.14892578125,138020300,15711.5
2024-02-07,7235.15185546875,7285.1279296875,7225.44921875,7264.97607421875,138054800,15733.0
2024-02-12,7297.6689453125,7306.158203125,7250.31005859375,7268.3349609375,178661300,15598.0
2024-02-13,7209.7412109375,7301.587890625,7197.8271484375,7301.587890625,128287400,15579.5
2024-02-15,7303.28076171875,7365.68212890625,7298.48193359375,7337.630859375,184420400,15553.099609375
2024-02-16,7335.544921875,7370.56982421875,7314.8828125,7337.81591796875,146427800,15672.0
2024-02-19,7296.7021484375,7339.755859375,7277.537109375,7323.31201171875,151238000,15628.599609375
2024-02-20,7352.60107421875,7354.10791015625,7309.498046875,7320.72314453125,129972000,15634.0
2024-02-21,7349.02099609375,7370.8818359375,7286.669921875,7345.791015625,152570100,15661.0
2024-02-22,7339.63623046875,7365.76123046875,7321.52294921875,7334.9521484375,154523800,15642.0
2024-02-23,7295.09521484375,7340.18994140625,7262.10009765625,7326.52685546875,146259500,15588.0
2024-02-26,7283.8232421875,7295.14208984375,7252.2841796875,7277.64013671875,147080400,15586.099609375
2024-02-27,7285.31689453125,7292.93115234375,7255.1240234375,7263.98779296875,183851000,15638.5
2024-02-28,7328.63623046875,7328.73876953125,7289.2578125,7292.0751953125,220356500,15653.0
2024-02-29,7316.11083984375,7337.9228515625,7289.341796875,7326.80322265625,230050900,15712.2001953125
2024-03-01,7311.9072265625,7331.31591796875,7269.89404296875,7318.666015625,134622000,15704.0
2024-03-04,7276.7490234375,7328.384765625,7259.78076171875,7318.83203125,168064100,15691.900390625
2024-03-05,7247.4599609375,7305.44677734375,7238.3388671875,7296.5341796875,152811800,15766.0
2024-03-06,7329.80078125,7331.0810546875,7248.52783203125,7252.0849609375,180285900,15751.5
2024-03-07,7373.9638671875,7386.8740234375,7334.30810546875,7338.73193359375,193312700,15668.0
2024-03-08,7381.9072265625,7416.43310546875,7376.15576171875,7398.42919921875,125243200,15621.0
2024-03-13,7421.20703125,7441.6162109375,7392.01123046875,7422.3017578125,135225800,15546.0
2024-03-14,7433.31494140625,7454.4482421875,7380.64794921875,7405.56689453125,129206200,15574.0
2024-03-15,7328.05419921875,7416.3388671875,7308.03515625,7408.658203125,231480500,15630.0
2024-03-18,7302.44921875,7358.55078125,7300.94091796875,7338.076171875,155334600,15639.2998046875
2024-03-19,7336.74609375,7361.52978515625,7314.18017578125,7320.5380859375,137594400,15743.0
2024-03-20,7331.1279296875,7343.4599609375,7295.35009765625,7303.92919921875,169731600,15718.0
2024-03-21,7338.35302734375,7396.47119140625,7336.59521484375,7360.55810546875,139792200,15687.0
2024-03-22,7350.15185546875,7350.15185546875,7318.43603515625,7327.51416015625,123735900,15723.5
2024-03-25,7377.759765625,7377.759765625,7316.92919921875,7339.52392578125,124315600,15802.599609375
2024-03-26,7365.6640625,7371.84423828125,7330.4638671875,7337.6611328125,138442500,15784.0
2024-03-27,7310.091796875,7375.39990234375,7292.7978515625,7364.23095703125,125276700,15828.0
2024-03-28,7288.81298828125,7313.01416015625,7244.9541015625,7289.158203125,124084200,15877.0
2024-04-01,7205.06103515625,7295.0029296875,7137.4638671875,7286.11376953125,124345600,15848.0
2024-04-02,7236.98388671875,7236.98388671875,7153.93896484375,7199.1240234375,127711500,15945.7998046875
2024-04-03,7166.84423828125,7226.35302734375,7158.740234375,7214.02001953125,111040300,15955.0
2024-04-04,7254.39892578125,7254.39892578125,7165.8310546875,7170.71923828125,108900300,15936.0
2024-04-05,7286.8818359375,7298.85888671875,7239.27392578125,7245.32177734375,94886600,15904.5
2024-04-16,7164.80712890625,7188.0888671875,7066.5732421875,7130.6279296875,175642500,16075.0
2024-04-17,7130.8408203125,7234.3740234375,7130.8408203125,7199.830078125,143541300,16312.2001953125
2024-04-18,7166.81396484375,7180.55908203125,7135.52001953125,7151.73779296875,129376600,16246.0
2024-04-19,7087.31689453125,7141.5810546875,7036.2060546875,7131.455078125,150694500,16220.0
2024-04-22,7073.81982421875,7117.02392578125,7026.47705078125,7099.51708984375,121595900,16210.2998046875
2024-04-23,7110.81298828125,7165.9541015625,7099.841796875,7102.80810546875,172892100,16246.0
2024-04-24,7174.533203125,7191.1767578125,7126.85009765625,7127.0478515625,154056000,16140.2001953125
2024-04-25,7155.2939453125,7177.06494140625,7132.10205078125,7167.98388671875,140400000,16220.0
2024-04-26,7036.0751953125,7149.25390625,7036.0751953125,7137.93408203125,137603900,16202.0
2024-04-29,7155.7841796875,7155.7841796875,7021.4921875,7021.4921875,129998600,16203.0
2024-04-30,7234.19677734375,7266.8681640625,7179.68505859375,7187.4140625,156560600,16246.0
2024-05-02,7117.4248046875,7232.9521484375,7072.47412109375,7227.60791015625,145628700,16190.400390625
2024-05-03,7134.72412109375,7165.10205078125,7094.6162109375,7142.86376953125,159524500,16097.0
2024-05-06,7135.89013671875,7178.76708984375,7102.68505859375,7171.58984375,164988900,16077.0
2024-05-07,7123.61181640625,7159.76708984375,7108.17578125,7136.85205078125,148490800,16034.0
2024-05-08,7088.794921875,7164.30810546875,7071.34521484375,7129.4560546875,147871800,16073.0
2024-05-13,7099.26123046875,7111.59912109375,7052.22998046875,7061.373046875,134590500,16038.0
2024-05-14,7083.76318359375,7136.64013671875,7071.501953125,7095.52197265625,137468100,16121.0
2024-05-15,7179.8310546875,7192.14501953125,7082.1181640625,7085.37890625,139854300,16102.0
2024-05-16,7246.69580078125,7270.7568359375,7201.9150390625,7203.169921875,154713600,15914.0
2024-05-17,7317.23779296875,7356.71484375,7245.19580078125,7249.72705078125,181505100,15930.7998046875
2024-05-20,7266.69091796875,7374.546875,7243.01220703125,7329.39990234375,158071100,15958.0
2024-05-21,7186.037109375,7295.05615234375,7179.52880859375,7258.4111328125,135589400,16031.0
2024-05-22,7222.3818359375,7239.86181640625,7191.10595703125,7198.19287109375,135720300,16005.0
2024-05-27,7176.419921875,7256.18408203125,7171.48583984375,7219.98193359375,190885600,16038.0
2024-05-28,7253.6259765625,7308.13720703125,7228.4111328125,7228.5078125,166427200,16071.0
2024-05-29,7140.22900390625,7282.0,7127.208984375,7275.52978515625,144619600,16117.0
2024-05-30,7034.14208984375,7134.70703125,6984.97900390625,7125.77197265625,177693800,16232.099609375
2024-05-31,6970.73583984375,7102.21923828125,6959.22705078125,7076.373046875,269684600,16228.0
2024-06-03,7036.19091796875,7088.40087890625,6993.09423828125,7030.20703125,141774800,16243.0
2024-06-04,7099.31201171875,7149.19287109375,7065.0341796875,7071.09423828125,160663800,16203.0
2024-06-05,6947.669921875,7118.34912109375,6934.94287109375,7114.53515625,137116300,16276.0
2024-06-06,6974.89697265625,7032.57421875,6939.5458984375,6992.56298828125,129986000,16315.0
2024-06-07,6897.9501953125,6994.115234375,6887.81201171875,6987.7939453125,109886700,16241.7001953125
2024-06-10,6921.5478515625,6929.09716796875,6846.380859375,6910.72021484375,228419200,16270.0
2024-06-11,6855.69091796875,6932.4619140625,6855.69091796875,6900.31005859375,150124200,16312.0
2024-06-12,6850.09716796875,6866.26611328125,6821.5078125,6859.34912109375,165086100,16305.400390625
2024-06-13,6831.56396484375,6896.65283203125,6831.56396484375,6893.8408203125,154352200,16230.0
2024-06-14,6734.83203125,6840.19677734375,6713.27197265625,6829.9931640625,143790500,16286.0
2024-06-19,6726.9189453125,6791.52685546875,6698.84814453125,6739.89501953125,215680300,16379.0
2024-06-20,6819.32080078125,6825.55517578125,6728.40185546875,6751.23583984375,138884000,16380.900390625
2024-06-21,6879.97802734375,6945.833984375,6823.06201171875,6838.47802734375,202168500,16491.900390625
2024-06-24,6889.1650390625,6914.81201171875,6870.30517578125,6877.4677734375,113953400,16443.0
2024-06-25,6882.7041015625,6890.44287109375,6843.64697265625,6874.8671875,103645300,16394.099609375
2024-06-26,6905.64208984375,6936.26220703125,6885.40283203125,6885.81591796875,111785600,16401.0
2024-06-27,6967.951171875,6968.13623046875,6915.830078125,6929.14501953125,85223100,16434.0
2024-06-28,7063.5771484375,7084.623046875,6987.80078125,6989.3740234375,104714500,16374.400390625
2024-07-01,7139.6259765625,7139.6259765625,7075.375,7076.6259765625,108297900,16343.0
2024-07-02,7125.14208984375,7176.869140625,7099.0498046875,7149.0439453125,121880100,16390.0
2024-07-03,7196.7548828125,7196.7548828125,7126.81494140625,7153.76611328125,126775400,16391.0
2024-07-04,7220.88916015625,7262.837890625,7204.43896484375,7212.703125,158574300,16340.0
2024-07-05,7253.3720703125,7275.93798828125,7213.39013671875,7248.72314453125,130902100,16328.5
2024-07-08,7250.97705078125,7265.083984375,7215.4677734375,7261.98291015625,160069900,16245.0
2024-07-09,7269.80078125,7302.94189453125,7239.63818359375,7254.1572265625,136101900,16277.2001953125
2024-07-10,7287.0419921875,7313.2001953125,7272.1220703125,7283.18896484375,214279500,16277.0
2024-07-11,7300.4072265625,7328.26904296875,7274.06201171875,7302.5048828125,146390900,16198.0
2024-07-12,7327.580078125,7354.1630859375,7300.7451171875,7336.48388671875,130722300,16104.0
2024-07-15,7278.86279296875,7346.10400390625,7252.81103515625,7336.30810546875,107422000,16108.0
2024-07-16,7224.29296875,7294.7919921875,7213.2841796875,7289.80908203125,107863200,16195.0
2024-07-17,7224.2177734375,7265.0869140625,7207.5830078125,7261.22021484375,218209000,16173.0
2024-07-18,7321.07080078125,7330.80810546875,7220.09619140625,7231.72998046875,146217900,16138.0
2024-07-19,7294.4951171875,7315.13916015625,7249.81689453125,7304.27880859375,125286800,16185.0
2024-07-22,7321.97607421875,7341.908203125,7301.4189453125,7316.248046875,140918600,16206.0
2024-07-23,7313.85693359375,7347.01708984375,7293.30908203125,7336.27685546875,251719000,16220.2001953125
2024-07-24,7262.7587890625,7311.15185546875,7249.27685546875,7298.5078125,149278800,16222.0
2024-07-25,7240.27685546875,7268.046875,7207.81787109375,7264.2138671875,125922000,16246.0
2024-07-26,7288.1669921875,7298.9560546875,7256.5341796875,7262.1298828125,128745600,16337.7998046875
2024-07-29,7288.89697265625,7333.89892578125,7274.2529296875,7304.59814453125,131946800,16283.0
2024-07-30,7241.86376953125,7292.55517578125,7226.7822265625,7283.9169921875,124088300,16301.7001953125
2024-07-31,7255.76220703125,7275.18603515625,7226.49609375,7251.80419921875,140459400,16328.5
2024-08-01,7325.98486328125,7325.98486328125,7258.8740234375,7274.51708984375,119012300,16255.0
2024-08-02,7308.123046875,7337.98095703125,7264.0078125,7304.0859375,130681400,16281.0
2024-08-05,7059.65283203125,7257.47607421875,6998.81103515625,7254.61279296875,196047200,16012.0
2024-08-06,7129.21484375,7167.259765625,7066.5009765625,7098.6728515625,122457600,16208.0
2024-08-07,7212.130859375,7246.2578125,7147.29296875,7149.5087890625,128572200,16152.2998046875
2024-08-08,7195.12109375,7234.44677734375,7181.76611328125,7212.7412109375,125248900,16023.0
2024-08-09,7256.99609375,7267.421875,7219.9228515625,7219.98388671875,112712600,15979.0
2024-08-12,7297.625,7297.625,7230.78515625,7265.15087890625,156405500,15918.0
2024-08-13,7356.63818359375,7366.65087890625,7286.5498046875,7316.42822265625,146066800,15949.099609375
2024-08-14,7436.0390625,7445.6640625,7372.89111328125,7377.0068359375,168060500,15749.0
2024-08-15,7409.5009765625,7460.38720703125,7386.73681640625,7442.91015625,150416800,15619.5
2024-08-16,7432.08984375,7459.7490234375,7417.20703125,7443.93505859375,151268200,15755.0
2024-08-19,7466.8310546875,7466.8310546875,7420.3759765625,7428.7412109375,138674400,15683.0
2024-08-20,7533.98486328125,7538.1572265625,7482.5048828125,7490.31982421875,183613200,15523.0
2024-08-21,7554.5927734375,7594.546875,7543.63916015625,7563.08203125,199930800,15442.0
2024-08-22,7488.67578125,7540.27294921875,7460.40380859375,7531.34716796875,140745300,15484.0
2024-08-23,7544.2978515625,7567.51416015625,7507.73779296875,7510.6640625,128771000,15728.5
2024-08-26,7606.19482421875,7619.90283203125,7549.412109375,7549.412109375,142108800,15377.2001953125
2024-08-27,7597.880859375,7610.201171875,7547.26318359375,7598.4638671875,141150100,15462.599609375
2024-08-28,7658.875,7672.287109375,7581.048828125,7604.3271484375,152042100,15467.099609375
2024-08-29,7627.60400390625,7715.7587890625,7627.60400390625,7679.52783203125,153940300,15440.0
2024-08-30,7670.73291015625,7673.18212890625,7616.34521484375,7642.77880859375,194479000,15444.7998046875
2024-09-02,7694.52978515625,7726.18798828125,7669.921875,7686.5390625,156165700,15525.0
2024-09-03,7616.52099609375,7726.662109375,7598.46923828125,7706.65087890625,165704700,15520.099609375
2024-09-04,7672.89599609375,7672.89599609375,7546.048828125,7577.09619140625,147636500,15532.900390625
2024-09-05,7681.04296875,7722.22509765625,7650.80419921875,7679.64892578125,137717400,15444.400390625
2024-09-06,7721.84619140625,7754.47509765625,7683.7041015625,7684.81201171875,122729500,15417.0
2024-09-09,7702.73876953125,7748.3251953125,7654.72509765625,7729.2548828125,138539000,15405.0
2024-09-10,7761.38818359375,7764.77978515625,7723.30078125,7725.283203125,196539800,15456.7998046875
2024-09-11,7760.955078125,7802.47607421875,7736.78076171875,7770.26806640625,171932600,15489.0
2024-09-12,7798.15380859375,7833.27197265625,7782.01611328125,7782.01611328125,252749100,15437.0
2024-09-13,7812.130859375,7828.9658203125,7775.63623046875,7805.68994140625,162457200,15418.7001953125
2024-09-17,7831.77880859375,7854.01806640625,7802.27001953125,7832.52490234375,216113800,15385.0
2024-09-18,7829.134765625,7879.0439453125,7818.9599609375,7845.81396484375,241800200,15345.0
2024-09-19,7905.39013671875,7910.55615234375,7853.35302734375,7858.11279296875,259454000,15300.2001953125
2024-09-20,7743.00390625,7904.51318359375,7738.32080078125,7904.39501953125,317741900,15197.599609375
2024-09-23,7775.73095703125,7775.73095703125,7675.291015625,7743.201171875,260227800,15154.0
2024-09-24,7778.4912109375,7810.5400390625,7717.8388671875,7774.55615234375,182808900,15174.099609375
2024-09-25,7740.90185546875,7760.8837890625,7633.44677734375,7747.85498046875,276661800,15121.099609375
2024-09-26,7744.51611328125,7763.0810546875,7673.0478515625,7723.09716796875,202756700,15201.5
2024-09-27,7696.916015625,7736.916015625,7663.47607421875,7713.7998046875,190512300,15070.0
2024-09-30,7527.92919921875,7679.2421875,7527.92919921875,7674.2861328125,222223500,15118.0
2024-10-01,7642.1328125,7642.1328125,7547.11083984375,7551.4619140625,206962900,15170.599609375
2024-10-02,7563.26220703125,7619.10400390625,7501.4599609375,7601.73779296875,315317300,15260.599609375
2024-10-03,7543.828125,7581.333984375,7504.4072265625,7567.44921875,189365800,15324.0
2024-10-04,7496.0908203125,7549.23291015625,7467.7958984375,7531.7919921875,223945300,15457.0
2024-10-07,7504.134765625,7540.23583984375,7450.1982421875,7493.6572265625,235809600,15650.0
2024-10-08,7557.14208984375,7592.8837890625,7449.47900390625,7486.72119140625,194830700,15744.0
2024-10-09,7501.28515625,7595.576171875,7501.216796875,7556.55517578125,169190500,15682.400390625
2024-10-10,7480.080078125,7528.953125,7467.81884765625,7501.869140625,157952700,15664.599609375
2024-10-11,7520.60205078125,7549.541015625,7506.27587890625,7520.52978515625,159472100,15670.900390625
2024-10-14,7559.65478515625,7570.26708984375,7518.81298828125,7518.81298828125,205872100,15562.0
2024-10-15,7626.951171875,7635.0439453125,7573.4521484375,7579.0458984375,218732600,15573.0
2024-10-16,7648.93994140625,7658.39794921875,7616.60400390625,7645.2119140625,197424300,15578.599609375
2024-10-17,7735.0390625,7758.669921875,7657.72119140625,7661.0732421875,224594300,15583.900390625
2024-10-18,7760.06005859375,7790.7109375,7718.6767578125,7762.15185546875,234291900,15493.0
2024-10-21,7772.59619140625,7795.0869140625,7739.88720703125,7780.2451171875,246855900,15467.0
2024-10-22,7788.98291015625,7801.40380859375,7731.9609375,7752.3837890625,286785700,15556.0
2024-10-23,7787.56494140625,7805.9169921875,7761.251953125,7774.009765625,269650200,15586.0
2024-10-24,7716.548828125,7794.86279296875,7716.548828125,7778.65576171875,242869700,15663.0
2024-10-25,7694.66015625,7752.2509765625,7678.17822265625,7717.42578125,205788500,15621.5
2024-10-28,7634.630859375,7714.73876953125,7599.62109375,7705.873046875,197205700,15688.099609375
2024-10-29,7606.60009765625,7666.43017578125,7587.2099609375,7625.4677734375,182774700,15747.0
2024-10-30,7569.85009765625,7581.9091796875,7521.73486328125,7558.7958984375,168203300,15768.0
2024-10-31,7574.01904296875,7617.36279296875,7558.68310546875,7569.71923828125,203290200,15695.5
2024-11-01,7505.2568359375,7583.68798828125,7485.45703125,7573.7939453125,155270800,15713.0
2024-11-04,7479.5029296875,7529.703125,7415.80908203125,7505.11083984375,212287900,15842.0
2024-11-05,7491.93115234375,7496.99609375,7451.5478515625,7474.4521484375,182653900,15790.0
2024-11-06,7383.8681640625,7506.60107421875,7363.03076171875,7495.130859375,235788800,15665.0
2024-11-07,7243.85986328125,7381.7578125,7243.85986328125,7373.56689453125,204087800,15818.2001953125
2024-11-08,7287.19091796875,7350.36181640625,7263.9619140625,7263.9619140625,148863600,15558.0
2024-11-11,7266.4599609375,7282.19580078125,7182.31201171875,7259.2900390625,221004900,15647.2001953125
2024-11-12,7321.98583984375,7344.07421875,7268.60888671875,7271.173828125,287694700,15765.0
2024-11-13,7308.6708984375,7370.39306640625,7304.873046875,7344.0078125,226286700,15788.900390625
2024-11-14,7214.56103515625,7318.77587890625,7214.56103515625,7303.90087890625,209423400,15847.2001953125
2024-11-15,7161.2578125,7241.6591796875,7122.67578125,7192.208984375,213100000,15933.2998046875
2024-11-18,7134.27685546875,7174.7529296875,7118.869140625,7152.076171875,191734000,15891.2998046875
2024-11-19,7195.71484375,7229.8310546875,7136.69091796875,7140.19482421875,205098000,15806.099609375
2024-11-20,7180.3349609375,7229.7060546875,7171.26513671875,7213.9951171875,164074200,15817.099609375
2024-11-21,7140.912109375,7209.35791015625,7140.912109375,7168.326171875,155717100,15913.0
2024-11-22,7195.56494140625,7215.68701171875,7154.4521484375,7154.68212890625,205841500,15816.900390625
2024-11-25,7314.10791015625,7329.4921875,7218.828125,7218.9521484375,264819900,15940.0
2024-11-26,7245.88818359375,7341.59521484375,7245.88818359375,7329.5322265625,164096700,15901.2001953125
2024-11-28,7200.1572265625,7249.69287109375,7195.66796875,7215.9072265625,178995100,15863.5
2024-11-29,7114.26611328125,7189.12890625,7107.2841796875,7168.00390625,218431100,15878.0
2024-12-02,7046.98583984375,7153.02978515625,7041.341796875,7117.75390625,163941100,15829.0
2024-12-03,7196.01708984375,7196.01708984375,7102.216796875,7104.93017578125,176316700,15910.0
2024-12-04,7326.76416015625,7328.32421875,7187.47802734375,7198.09814453125,166379200,15940.0
2024-12-05,7313.31298828125,7338.60400390625,7283.5,7326.02392578125,131417800,15906.599609375
2024-12-06,7382.78515625,7382.80908203125,7287.59619140625,7302.6650390625,130161700,15839.7998046875
2024-12-09,7437.73095703125,7440.97900390625,7380.66015625,7382.61376953125,230130900,15825.7998046875
2024-12-10,7453.287109375,7457.80517578125,7396.7900390625,7448.76806640625,203350400,15864.0
2024-12-11,7464.751953125,7530.55908203125,7444.173828125,7444.85888671875,235486300,15908.0
2024-12-12,7394.23779296875,7470.89404296875,7380.02685546875,7441.97314453125,147665300,15963.0
2024-12-13,7324.7890625,7399.89697265625,7324.7890625,7379.7509765625,120050700,15967.400390625
2024-12-16,7258.630859375,7320.794921875,7204.65380859375,7304.2177734375,186546900,16025.7998046875
2024-12-17,7157.73193359375,7263.31494140625,7132.05712890625,7238.173828125,157427600,15955.0
2024-12-18,7107.875,7216.8828125,7105.06787109375,7168.966796875,122373300,15926.2001953125
2024-12-19,6977.23779296875,7040.548828125,6951.0517578125,7034.6171875,170862900,16145.2998046875
2024-12-20,6983.865234375,7032.40087890625,6931.5810546875,6980.1748046875,145749700,15981.2998046875
2024-12-23,7096.44482421875,7096.44482421875,7035.72705078125,7037.52978515625,138664700,16159.2998046875
2024-12-24,7065.74609375,7120.576171875,7063.7548828125,7115.63720703125,110632900,16217.599609375
2024-12-27,7036.57080078125,7100.27001953125,7024.71484375,7073.375,144277600,16189.0
2024-12-30,7079.90478515625,7079.90478515625,6993.07177734375,7026.77685546875,159672400,16178.0
2025-01-02,7163.205078125,7163.205078125,7088.31982421875,7092.42919921875,161752600,16230.5
2025-01-03,7164.42919921875,7197.0078125,7135.27587890625,7177.25,182944400,16201.099609375
2025-01-06,7080.47412109375,7182.01904296875,7073.9541015625,7176.1162109375,192190300,16178.7998046875
2025-01-07,7083.2841796875,7103.18505859375,7029.51220703125,7074.259765625,144709900,16179.099609375
2025-01-08,7080.35205078125,7129.2939453125,7046.169921875,7099.658203125,147124800,16157.7001953125
2025-01-09,7064.587890625,7106.4580078125,7062.09521484375,7093.25390625,148465600,16187.599609375
2025-01-10,7088.8662109375,7121.62890625,7074.14404296875,7076.90478515625,166170500,16237.0
2025-01-13,7016.87890625,7089.56982421875,6986.5927734375,7076.6982421875,149887800,16268.0
2025-01-14,6956.6650390625,7042.3310546875,6956.6650390625,7014.798828125,151037100,16295.2001953125
2025-01-15,7079.56201171875,7084.56494140625,6977.77294921875,6992.84814453125,173538400,16320.0
2025-01-16,7107.51904296875,7190.61181640625,7071.9111328125,7165.17578125,144790100,16360.7998046875
2025-01-17,7154.658203125,7178.81494140625,7084.2978515625,7115.05322265625,197761000,16368.7998046875
2025-01-20,7170.73681640625,7201.60693359375,7165.44384765625,7188.40185546875,183080100,16367.099609375
2025-01-21,7181.81982421875,7221.73095703125,7176.33203125,7207.59423828125,176177100,16245.0
2025-01-22,7257.1279296875,7267.48681640625,7223.255859375,7227.02197265625,146457400,16330.7998046875
2025-01-23,7232.64306640625,7324.6259765625,7232.64306640625,7275.0009765625,142025900,16232.7998046875
2025-01-24,7166.05615234375,7261.4482421875,7166.05615234375,7255.02294921875,122224300,16230.900390625
2025-01-30,7073.47802734375,7150.29296875,7042.68798828125,7142.787109375,156862200,16238.0
2025-01-31,7109.19580078125,7174.7451171875,7095.67822265625,7113.5751953125,125561900,16274.5
2025-02-03,7030.05810546875,7089.69677734375,6933.14306640625,7087.751953125,135419500,16341.2998046875
2025-02-04,7073.458984375,7125.94287109375,7037.625,7051.48486328125,250749100,16320.0
2025-02-05,7024.22802734375,7079.4619140625,7002.52099609375,7071.5771484375,247130700,16299.099609375
2025-02-06,6875.5361328125,7033.619140625,6830.11181640625,7030.18896484375,170868800,16298.099609375
2025-02-07,6742.576171875,6769.78076171875,6656.72412109375,6758.10400390625,152142600,16327.0
2025-02-10,6648.14208984375,6713.9521484375,6585.98486328125,6681.23388671875,153503000,16314.7001953125
2025-02-11,6531.990234375,6658.23095703125,6500.4638671875,6629.81494140625,146025200,16330.099609375
2025-02-12,6645.77783203125,6645.77783203125,6537.47607421875,6540.94677734375,141288200,16343.2998046875
2025-02-13,6613.56787109375,6647.10498046875,6565.77685546875,6637.419921875,126053300,16375.0
2025-02-14,6638.458984375,6679.39697265625,6609.6708984375,6640.130859375,121300000,16219.0
2025-02-17,6830.8818359375,6830.8818359375,6658.22021484375,6663.30517578125,136644900,16173.0
2025-02-18,6873.55419921875,6908.7001953125,6830.77587890625,6847.76611328125,158584300,16220.0
2025-02-19,6794.8681640625,6886.9228515625,6773.9072265625,6877.1572265625,159932500,16317.0
2025-02-20,6788.0419921875,6836.72314453125,6755.43017578125,6796.669921875,168907900,16346.400390625
2025-02-21,6803.0009765625,6814.8662109375,6758.35302734375,6788.89599609375,131140300,16245.099609375
2025-02-24,6749.60107421875,6818.7939453125,6732.4091796875,6801.67578125,156247700,16278.0
2025-02-25,6587.0869140625,6772.64990234375,6576.96923828125,6749.43701171875,194167900,16279.2998046875
2025-02-26,6606.17822265625,6682.869140625,6547.2412109375,6627.02099609375,135195100,16314.0
2025-02-27,6485.4482421875,6626.259765625,6443.22021484375,6609.88818359375,156489700,16367.400390625
2025-02-28,6270.59716796875,6447.8828125,6246.27880859375,6446.64404296875,196893700,16553.69921875
2025-03-03,6519.658203125,6570.951171875,6347.09521484375,6362.14892578125,170810200,16522.0
2025-03-04,6380.40087890625,6528.96923828125,6361.40380859375,6524.701171875,149084200,16451.19921875
2025-03-05,6531.39892578125,6570.81982421875,6404.68896484375,6404.68896484375,143533500,16379.0
2025-03-06,6617.84716796875,6667.89306640625,6573.798828125,6577.84521484375,138941500,16268.900390625
2025-03-07,6636.0,6682.93798828125,6577.83203125,6631.31103515625,198389400,16322.099609375
2025-03-10,6598.2119140625,6629.44189453125,6568.1259765625,6618.9169921875,153564400,16292.599609375
2025-03-11,6545.85009765625,6567.5849609375,6499.041015625,6535.8701171875,150016300,16324.0
2025-03-12,6665.044921875,6665.044921875,6566.203125,6566.798828125,139690400,16433.900390625
2025-03-13,6647.4169921875,6707.38623046875,6618.5390625,6700.10693359375,139851000,16305.599609375
2025-03-14,6515.630859375,6632.078125,6514.69189453125,6623.69091796875,122970500,16259.2998046875
2025-03-17,6471.94677734375,6557.41015625,6445.97509765625,6490.6708984375,126321100,16321.0
2025-03-18,6223.38818359375,6465.22412109375,6011.841796875,6458.666015625,233069600,16370.0
2025-03-19,6311.66015625,6332.73486328125,6147.42578125,6221.19580078125,126795800,16514.5
2025-03-20,6381.673828125,6446.88916015625,6353.69384765625,6372.61083984375,146168800,16330.2998046875
2025-03-21,6258.17919921875,6426.1650390625,6218.60107421875,6418.39013671875,190225100,16428.5
2025-03-24,6161.2177734375,6269.90380859375,5967.19384765625,6242.23486328125,124187900,16519.0
2025-03-25,6235.619140625,6265.2958984375,6178.490234375,6197.98681640625,111267000,16575.80078125
2025-03-26,6472.35595703125,6489.14892578125,6312.966796875,6314.3291015625,159762700,16621.0
2025-03-27,6510.6201171875,6510.6201171875,6417.240234375,6462.59619140625,121855500,16629.0
2025-04-08,5996.14208984375,6036.55419921875,5882.60498046875,5914.2880859375,184790800,16855.69921875
2025-04-09,5967.98779296875,6092.412109375,5949.60107421875,5978.44091796875,150044400,17051.900390625
2025-04-10,6254.02392578125,6310.8251953125,6188.669921875,6270.61083984375,181443500,16805.5
2025-04-11,6262.22607421875,6298.77783203125,6148.77587890625,6195.56787109375,117642700,16833.80078125
2025-04-14,6368.51708984375,6404.06982421875,6225.3369140625,6225.3369140625,149701700,16788.0
2025-04-15,6441.68310546875,6497.5322265625,6395.9267578125,6444.341796875,147079600,16780.0
2025-04-16,6400.05419921875,6469.59716796875,6373.7900390625,6461.27392578125,142022700,16813.5
2025-04-17,6438.26904296875,6438.26904296875,6384.28515625,6407.02099609375,131124200,16794.599609375
2025-04-21,6445.966796875,6472.5380859375,6406.80322265625,6450.31396484375,108855100,16794.599609375
2025-04-22,6538.26611328125,6538.32177734375,6428.10498046875,6455.0791015625,150312500,16814.900390625
2025-04-23,6634.376953125,6642.9150390625,6588.2568359375,6589.3271484375,184488000,16858.099609375
2025-04-24,6613.47802734375,6697.90087890625,6585.4560546875,6671.06787109375,159090300,16846.0
2025-04-25,6678.9150390625,6683.36083984375,6640.77783203125,6660.619140625,169030400,16778.5
2025-04-28,6722.9658203125,6738.35205078125,6688.77978515625,6716.21484375,164549400,16823.0
2025-04-29,6749.0751953125,6763.88720703125,6724.31787109375,6748.98779296875,193012300,16795.0
2025-04-30,6766.794921875,6791.2529296875,6725.966796875,6755.4638671875,210149800,16711.900390625
2025-05-02,6815.72998046875,6818.27978515625,6765.8310546875,6811.10986328125,183083600,16606.0
2025-05-05,6831.9521484375,6879.10888671875,6824.39697265625,6844.37109375,194998400,16460.0
2025-05-06,6898.19677734375,6913.68798828125,6858.15087890625,6860.44580078125,162346800,16421.5
2025-05-07,6926.22509765625,6970.5,6909.9609375,6925.251953125,187668100,16432.0
2025-05-08,6827.75,6965.93408203125,6824.64990234375,6945.98388671875,260892400,16492.599609375
2025-05-09,6832.80322265625,6882.31787109375,6811.77294921875,6849.44921875,164380000,16538.30078125
2025-05-14,6979.8798828125,6987.78076171875,6914.75390625,6915.95703125,272470100,16599.400390625
2025-05-15,7040.1611328125,7076.73681640625,7002.37109375,7003.14697265625,343582300,16558.19921875
2025-05-16,7106.52587890625,7106.52587890625,7009.84619140625,7092.23486328125,239677400,16511.80078125
2025-05-19,7141.0908203125,7160.6591796875,7085.97314453125,7113.44287109375,227261200,16487.0
2025-05-20,7094.60205078125,7202.81689453125,7088.623046875,7164.14697265625,219667500,16428.0
2025-05-21,7142.4609375,7170.72412109375,7109.22119140625,7114.69921875,228188900,16403.0
2025-05-22,7166.98095703125,7190.6689453125,7136.7841796875,7165.10009765625,201247200,16347.599609375
2025-05-23,7214.1630859375,7223.2529296875,7177.2451171875,7206.35791015625,152151100,16356.900390625
2025-05-26,7188.35302734375,7240.083984375,7129.38818359375,7231.47705078125,331040000,16211.0
2025-05-27,7198.966796875,7212.56884765625,7162.9609375,7204.171875,245398700,16243.5
2025-05-28,7175.81884765625,7237.3408203125,7166.67822265625,7223.51318359375,277488600,16279.0
2025-06-02,7065.06884765625,7152.912109375,7035.837890625,7134.48681640625,240143000,16322.0
2025-06-03,7044.82177734375,7090.35107421875,6994.15576171875,7071.63818359375,199730400,16288.5
2025-06-04,7069.037109375,7094.44677734375,7052.9140625,7083.23876953125,232777400,16332.400390625
2025-06-05,7113.4248046875,7136.64306640625,7083.89208984375,7100.23583984375,193147800,16291.5
2025-06-10,7230.7451171875,7230.7451171875,7133.37890625,7136.86279296875,265169800,16278.7998046875
2025-06-11,7222.4560546875,7239.955078125,7172.203125,7232.68115234375,262581600,16247.7998046875
2025-06-12,7204.3701171875,7237.27490234375,7191.90478515625,7219.56103515625,281607200,15778.0
2025-06-13,7166.06494140625,7192.6630859375,7149.60986328125,7191.1240234375,230230400,16164.5
2025-06-16,7117.5908203125,7211.5439453125,7117.5908203125,7158.90380859375,224577700,16282.599609375
2025-06-17,7155.85205078125,7181.466796875,7143.60400390625,7163.02685546875,173034400,15801.0
2025-06-18,7107.7890625,7166.66796875,7089.455078125,7155.1240234375,180387400,16275.0
2025-06-19,6968.63916015625,7115.90380859375,6935.009765625,7107.7861328125,222226000,15598.5
2025-06-20,6907.13818359375,6956.80517578125,6873.7158203125,6948.2841796875,331625100,16390.0
2025-06-23,6787.14013671875,6834.76904296875,6745.14697265625,6833.47509765625,226947900,16431.0
2025-06-24,6869.1708984375,6924.96923828125,6852.11279296875,6864.27880859375,186087300,16370.0
2025-06-25,6832.14306640625,6918.783203125,6814.73583984375,6908.9248046875,170914900,16290.0
2025-06-26,6897.39990234375,6897.39990234375,6817.4111328125,6842.01220703125,154075100,16290.0
2025-06-30,6927.67919921875,6949.27978515625,6876.2587890625,6936.06494140625,167652600,16229.0
2025-07-01,6915.35986328125,6971.23876953125,6885.13818359375,6954.38623046875,149285200,16230.0
2025-07-02,6881.2451171875,6905.369140625,6838.40380859375,6896.421875,182041600,16236.400390625
2025-07-03,6878.05078125,6922.73388671875,6877.43798828125,6898.630859375,154435700,16235.0
2025-07-04,6865.19189453125,6916.673828125,6843.69091796875,6893.2177734375,132824800,16203.7001953125
2025-07-07,6900.93212890625,6900.93212890625,6844.86083984375,6874.0078125,120827500,16178.0
2025-07-08,6904.39208984375,6916.8330078125,6885.2822265625,6892.3408203125,151801800,16318.900390625
2025-07-09,6943.921875,6943.921875,6907.212890625,6918.69921875,157353100,16261.0
2025-07-10,7005.37109375,7013.6298828125,6955.455078125,6968.7978515625,167684600,16235.0
2025-07-11,7047.43798828125,7055.794921875,7026.48779296875,7036.2958984375,165301900,16209.099609375
2025-07-14,7097.15087890625,7136.2958984375,7071.34423828125,7130.53515625,205642100,16222.0
2025-07-15,7140.47412109375,7161.8359375,7079.0,7122.0830078125,199389400,16256.2001953125
2025-07-16,7192.01806640625,7216.81396484375,7142.86181640625,7182.64501953125,227976400,16252.099609375
2025-07-17,7287.02099609375,7291.56396484375,7226.1171875,7229.259765625,202116700,16271.2001953125
2025-07-18,7311.9150390625,7401.5791015625,7311.9150390625,7346.037109375,273828000,16329.7001953125
2025-07-21,7398.19189453125,7408.01220703125,7306.8720703125,7366.31005859375,287814600,16321.0
2025-07-22,7344.73583984375,7457.380859375,7344.73583984375,7440.2861328125,279326600,16329.5
2025-07-23,7469.22998046875,7469.22998046875,7354.99609375,7378.23095703125,247067700,16245.2998046875
2025-07-24,7530.90185546875,7568.22314453125,7478.36376953125,7485.08203125,242813700,16266.099609375
2025-07-25,7543.5029296875,7552.77490234375,7515.125,7542.375,215990900,16307.0
2025-07-28,7614.76806640625,7669.44580078125,7614.76806640625,7630.751953125,229532300,16353.0
2025-07-29,7617.9072265625,7680.19482421875,7565.7880859375,7625.79296875,230535000,16398.80078125
2025-07-30,7549.88818359375,7667.55615234375,7528.12890625,7642.25,282476700,16367.900390625
2025-07-31,7484.3369140625,7566.751953125,7476.380859375,7551.244140625,325693000,16426.80078125
2025-08-01,7537.76806640625,7579.60595703125,7523.6201171875,7545.15185546875,257331800,16483.0
2025-08-04,7464.64501953125,7560.05615234375,7448.0400390625,7552.49609375,266636100,16483.0
2025-08-05,7515.18505859375,7546.93994140625,7463.05810546875,7502.69482421875,246898000,16362.0
2025-08-06,7503.75,7549.26513671875,7502.01123046875,7534.44677734375,260371600,16377.5
2025-08-07,7490.18310546875,7580.5498046875,7490.18310546875,7546.3359375,278225900,16334.7001953125
2025-08-08,7533.384765625,7648.90283203125,7516.97705078125,7639.19287109375,234779100,16300.0
2025-08-11,7605.9248046875,7630.10693359375,7559.34716796875,7589.4638671875,238319300,16249.0
2025-08-12,7791.69677734375,7800.8310546875,7646.9111328125,7666.08984375,272446300,16298.0
2025-08-13,7892.9111328125,7903.05322265625,7835.3017578125,7846.1240234375,323979600,16248.2001953125
2025-08-14,7931.2509765625,7973.98095703125,7905.5478515625,7909.01611328125,361821900,16109.0
2025-08-15,7898.375,8017.06787109375,7898.373046875,7967.77294921875,346947400,16169.0
2025-08-19,7862.94921875,7931.7587890625,7854.09521484375,7905.34521484375,358268400,16205.400390625
2025-08-20,7943.8251953125,7952.341796875,7863.86181640625,7874.89599609375,374993100,16275.2001953125
2025-08-21,7890.71484375,7932.30517578125,7848.8828125,7903.2900390625,341447000,16263.599609375
2025-08-22,7858.85107421875,7913.38720703125,7858.85107421875,7910.09912109375,320227000,16339.7001953125
2025-08-25,7926.9072265625,7951.97802734375,7915.05419921875,7921.02099609375,376267300,16227.0
2025-08-26,7905.7568359375,7978.06689453125,7881.208984375,7971.787109375,504946100,16267.0
2025-08-27,7936.17578125,7945.44482421875,7894.7587890625,7923.0029296875,357580800,16299.2001953125
2025-08-28,7952.087890625,8022.7578125,7941.93896484375,7951.865234375,399326600,16314.0
2025-08-29,7830.4931640625,7913.85986328125,7765.59619140625,7899.88720703125,481348100,16344.2998046875
2025-09-01,7736.06591796875,7783.41796875,7547.56396484375,7620.09912109375,358661000,16409.0
2025-09-02,7801.5849609375,7842.298828125,7771.333984375,7771.333984375,347812700,16405.19921875
2025-09-03,7885.86279296875,7911.6181640625,7840.7509765625,7843.6318359375,351685500,16443.900390625
2025-09-04,7867.34814453125,7899.7958984375,7855.7421875,7873.8427734375,362349800,16463.0
2025-09-08,7766.84912109375,7934.9912109375,7766.84912109375,7929.06298828125,336787200,16392.0
2025-09-09,7628.60498046875,7791.333984375,7619.716796875,7748.51220703125,335416000,16446.099609375
2025-09-10,7699.0068359375,7726.376953125,7661.27978515625,7682.421875,263174400,16449.900390625
2025-09-11,7747.90478515625,7819.09814453125,7742.59912109375,7781.1708984375,289797900,16439.0
2025-09-12,7854.06005859375,7854.81201171875,7790.7939453125,7819.001953125,289619100,16413.599609375
2025-09-15,7937.1181640625,7937.1181640625,7889.18896484375,7891.26416015625,345056100,16401.0
2025-09-16,7957.69580078125,7985.576171875,7899.66796875,7979.31982421875,401395800,16364.599609375
2025-09-17,8025.17919921875,8025.17919921875,7940.51318359375,7964.423828125,323654400,16398.099609375
2025-09-18,8008.43310546875,8068.0087890625,7993.51708984375,8065.7431640625,378167700,16418.599609375
2025-09-19,8051.1181640625,8051.1181640625,7983.35693359375,7996.19580078125,423577900,16569.099609375
2025-09-22,8040.0390625,8087.92919921875,8005.34912109375,8082.2587890625,345468800,16637.0
2025-09-23,8125.201171875,8125.201171875,8039.94677734375,8066.294921875,518663700,16582.0
2025-09-24,8126.55810546875,8169.01708984375,8077.83984375,8161.2841796875,454412900,16633.0
2025-09-25,8040.6650390625,8146.08984375,8022.97900390625,8130.02197265625,483927800,16695.099609375
2025-09-26,8099.3330078125,8099.3330078125,8034.998046875,8051.76220703125,351966900,16759.099609375
2025-09-29,8123.2451171875,8157.330078125,8100.01708984375,8139.5791015625,439450000,16723.0
2025-09-30,8061.06201171875,8150.341796875,8042.8232421875,8137.634765625,461651600,16628.0
2025-10-01,8043.82177734375,8093.69384765625,8034.25,8069.93701171875,536747800,16683.0
2025-10-02,8071.0810546875,8109.43603515625,8059.048828125,8070.4248046875,402266500,16644.099609375
2025-10-03,8118.30078125,8118.30078125,8076.59716796875,8099.64501953125,428024700,16601.5
2025-10-06,8139.89404296875,8176.30810546875,8104.5517578125,8155.365234375,429540400,16558.0
2025-10-07,8169.28076171875,8217.0458984375,8153.712890625,8182.65576171875,426851900,16596.5
2025-10-08,8166.02880859375,8224.64453125,8044.93310546875,8201.140625,355267800,16587.0
2025-10-09,8250.9384765625,8272.6318359375,8159.94482421875,8187.7001953125,347199100,16556.0
2025-10-10,8257.859375,8270.33203125,8194.046875,8259.0751953125,366345900,16577.69921875
2025-10-13,8227.2021484375,8288.279296875,8133.626953125,8169.64892578125,366939200,16598.0
2025-10-14,8066.52197265625,8284.91015625,7974.02978515625,8269.48046875,440487100,16548.0
2025-10-15,8051.1748046875,8132.52197265625,7936.37109375,8107.298828125,329138800,16585.900390625
2025-10-16,8124.7568359375,8148.044921875,8030.77685546875,8064.67919921875,246641300,16575.0
2025-10-17,7915.65576171875,8140.59716796875,7854.30712890625,8132.7470703125,353739000,16561.900390625
2025-10-20,8088.97802734375,8117.26904296875,7937.384765625,7988.4482421875,307599100,16566.0
2025-10-21,8238.083984375,8238.083984375,8161.19384765625,8165.69189453125,281761500,16542.0
2025-10-22,8152.55322265625,8261.84375,8141.98583984375,8235.69921875,275367500,16598.900390625
2025-10-23,8274.3515625,8292.8876953125,8179.61279296875,8179.8837890625,281648700,16596.599609375
2025-10-24,8271.7216796875,8351.05859375,8271.7216796875,8294.8916015625,238196400,16593.80078125
2025-10-27,8117.15087890625,8354.6728515625,7959.1689453125,8322.216796875,359000200,16597.80078125
2025-10-28,8092.62890625,8151.3349609375,8039.85107421875,8144.4248046875,282866700,16158.2001953125
2025-10-29,8166.22412109375,8169.13916015625,8042.6298828125,8107.3759765625,248336300,16561.779296875
2025-10-30,8184.06396484375,8231.8828125,8145.60400390625,8176.36083984375,326703000,16562.0
2025-10-31,8163.875,8215.5458984375,8144.0771484375,8202.5234375,245393300,16150.0
2025-11-03,8275.083984375,8282.16015625,8201.3642578125,8208.0302734375,338112200,16630.0
2025-11-04,8241.9111328125,8317.076171875,8225.9111328125,8275.953125,254611100,16640.900390625
2025-11-05,8318.5263671875,8318.5263671875,8181.90380859375,8213.6005859375,333837700,16707.0
2025-11-06,8337.0576171875,8362.916015625,8289.890625,8354.6796875,229181000,16669.0
2025-11-07,8394.58984375,8398.7646484375,8332.6005859375,8346.5771484375,227520700,16694.099609375
2025-11-10,8391.240234375,8478.1484375,8391.240234375,8443.3203125,415934000,16653.0
2025-11-11,8366.5146484375,8443.6865234375,8338.396484375,8437.958984375,677885600,16690.0
2025-11-12,8388.56640625,8428.9482421875,8377.4970703125,8392.2802734375,491096300,16694.900390625
2025-11-13,8371.9990234375,8418.1630859375,8354.8359375,8412.826171875,534184900,16729.0
2025-11-14,8370.435546875,8417.134765625,8360.9365234375,8378.12890625,422843300,16719.0
2025-11-17,8416.8818359375,8452.3291015625,8391.9951171875,8397.8359375,382110500,16679.5
2025-11-18,8361.92578125,8442.865234375,8341.9033203125,8427.3984375,374837900,16738.900390625
2025-11-19,8406.5771484375,8426.6328125,8375.5751953125,8384.3623046875,394548300,16727.69921875
2025-11-20,8419.9169921875,8491.427734375,8419.9169921875,8449.5419921875,319147400,16686.69921875
2025-11-21,8414.3515625,8432.6025390625,8361.271484375,8403.9013671875,288992600,16731.0
2025-11-24,8570.25390625,8570.25390625,8429.4638671875,8458.29296875,471629100,16639.0
2025-11-25,8521.884765625,8574.384765625,8487.220703125,8570.845703125,414092000,16645.0
2025-11-26,8602.1298828125,8602.1298828125,8503.146484375,8533.8857421875,498634000,16633.5
2025-11-27,8545.865234375,8622.267578125,8521.49609375,8611.328125,463624300,16614.69921875
2025-11-28,8508.7060546875,8572.359375,8495.205078125,8555.65625,386357400,16603.900390625
2025-12-01,8548.7880859375,8553.6162109375,8493.2451171875,8541.5390625,433587600,16635.0
2025-12-02,8617.04296875,8625.6357421875,8564.6953125,8577.6064453125,405114200,16609.0
2025-12-03,8611.787109375,8669.1865234375,8591.806640625,8655.017578125,432093300,16609.900390625
2025-12-04,8640.1962890625,8650.296875,8606.9033203125,8646.646484375,447262700,16594.0
2025-12-05,8632.7607421875,8689.0986328125,8617.0380859375,8658.8896484375,421538600,16654.400390625
2025-12-08,8710.6953125,8720.0908203125,8642.0615234375,8676.7265625,525913600,16683.0
2025-12-09,8657.1787109375,8749.2626953125,8626.845703125,8743.208984375,498676700,16686.0
2025-12-10,8700.923828125,8720.880859375,8668.6064453125,8713.7109375,623753400,16662.0
2025-12-11,8620.4814453125,8776.9697265625,8560.10546875,8764.0908203125,667238000,16639.0
2025-12-12,8660.4990234375,8680.041015625,8585.421875,8651.765625,457344900,16649.0
2025-12-15,8649.662109375,8720.6826171875,8622.9853515625,8705.2392578125,553538600,16623.099609375
2025-12-16,8686.46875,8700.861328125,8611.3466796875,8696.6962890625,431043000,16645.80078125
2025-12-17,8677.3447265625,8729.4658203125,8660.748046875,8708.3271484375,341969700,16644.599609375
2025-12-18,8618.1953125,8730.708984375,8618.1953125,8705.1376953125,328562900,16657.0
2025-12-19,8609.55078125,8671.767578125,8562.8876953125,8657.2421875,307160800,16685.19921875
2025-12-22,8645.84375,8648.794921875,8609.388671875,8629.24609375,374939200,16678.5
2025-12-23,8584.7822265625,8667.7333984375,8566.9951171875,8656.6533203125,329812800,16756.400390625
2025-12-24,8537.9111328125,8611.3330078125,8525.1005859375,8597.3876953125,280698800,16735.0
2025-12-29,8644.255859375,8652.1826171875,8545.7216796875,8545.7216796875,334277800,16741.099609375
2025-12-30,8646.9384765625,8663.66796875,8584.865234375,8627.400390625,308173000,16770.0
2026-01-02,8748.1318359375,8748.1318359375,8664.974609375,8676.7412109375,471863900,16668.0
2026-01-05,8859.19140625,8859.19140625,8732.3193359375,8778.732421875,665735100,16683.0
2026-01-06,8933.609375,8940.109375,8839.01171875,8890.720703125,630432800,16727.19921875
2026-01-07,8944.8134765625,8970.869140625,8916.029296875,8959.0908203125,655409500,16742.0
2026-01-08,8925.470703125,9002.919921875,8918.4052734375,8946.7001953125,489316100,16753.0
2026-01-09,8936.75390625,8981.021484375,8908.1728515625,8969.1513671875,499545200,16805.69921875
2026-01-12,8884.72265625,9000.966796875,8715.4111328125,8991.759765625,697907000,16826.69921875
2026-01-13,8948.302734375,8956.7265625,8841.017578125,8931.2421875,538438100,16859.400390625
2026-01-14,9032.583984375,9049.2978515625,8979.6015625,9007.052734375,580700100,16840.80078125
2026-01-15,9075.40625,9100.8251953125,9040.998046875,9072.2958984375,446899000,16845.099609375
2026-01-19,9133.873046875,9133.873046875,9025.998046875,9098.7021484375,541550600,16876.599609375
2026-01-20,9134.7001953125,9174.4736328125,9120.154296875,9156.189453125,606446200,16939.0
2026-01-21,9010.330078125,9105.2314453125,8977.6806640625,9094.4306640625,553244200,16960.099609375
2026-01-22,8992.1826171875,9109.7099609375,8992.1337890625,9052.16796875,661020800,16897.0
2026-01-23,8951.009765625,9039.666015625,8837.828125,9031.494140625,587299800,16820.0
2026-01-26,8975.333984375,9058.0458984375,8923.52734375,8967.7275390625,491763600,16770.0
2026-01-27,8980.23046875,8980.23046875,8873.4765625,8974.5654296875,536008400,16734.0
2026-01-28,8320.5556640625,8596.171875,8187.73486328125,8393.513671875,557055000,16674.69921875
2026-01-29,8232.203125,8296.94140625,7481.98779296875,8027.828125,906233100,16722.80078125
2026-01-30,8329.6064453125,8408.2998046875,8167.15576171875,8308.724609375,478640200,16778.30078125
2026-02-02,7922.73095703125,8313.0576171875,7820.22509765625,8306.1630859375,444961400,16758.400390625
2026-02-03,8122.59716796875,8122.59716796875,7712.34814453125,7888.77099609375,545340400,16758.400390625
2026-02-04,8146.716796875,8194.68359375,8050.39599609375,8121.033203125,404556000,16759.0
2026-02-05,8103.87890625,8214.4609375,8102.7861328125,8154.60400390625,323626200,16800.0
2026-02-06,7935.259765625,8025.14013671875,7861.68505859375,7945.0400390625,312234100,16879.900390625
2026-02-09,8031.8740234375,8031.8740234375,7863.005859375,7970.02197265625,310222600,16843.5
2026-02-10,8131.73779296875,8140.86181640625,8011.1298828125,8031.58203125,374472200,16796.0
2026-02-11,8290.9658203125,8290.9658203125,8118.1630859375,8152.78515625,545693700,16778.0
2026-02-12,8265.3515625,8334.0224609375,8220.150390625,8317.240234375,379401500,16793.900390625
2026-02-13,8212.271484375,8251.9892578125,8170.5869140625,8240.005859375,434442400,16809.0
2026-02-18,8310.2265625,8310.2265625,8227.4521484375,8235.80859375,459026600,16840.0
2026-02-19,8274.0810546875,8376.19921875,8251.8115234375,8357.4453125,435377400,16915.30078125
2026-02-20,8271.7666015625,8328.4208984375,8236.7529296875,8300.2216796875,400251500,16887.19921875
2026-02-23,8396.08203125,8397.0654296875,8327.5693359375,8334.54296875,443116900,16843.400390625
2026-02-24,8280.8330078125,8437.0888671875,8259.4775390625,8428.0498046875,509728100,16804.30078125
2026-02-25,8322.228515625,8373.4833984375,8259.7470703125,8318.14453125,441816300,16816.80078125
2026-02-26,8235.26171875,8358.95703125,8139.82421875,8351.3623046875,450264700,16749.80078125
2026-02-27,8235.4853515625,8246.9541015625,8093.7490234375,8211.3046875,441200100,16749.0
2026-03-02,8016.8330078125,8133.69189453125,8016.8330078125,8092.90478515625,527702300,16795.0
2026-03-03,7939.76708984375,8098.39208984375,7932.52001953125,8059.8681640625,396162400,16863.0
2026-03-04,7577.06396484375,7897.81201171875,7486.32080078125,7896.376953125,485472100,16898.099609375
2026-03-05,7710.537109375,7765.61279296875,7678.533203125,7695.34716796875,303915000,16865.0
2026-03-06,7585.68701171875,7700.31787109375,7500.0849609375,7699.47314453125,291110400,16913.099609375
2026-03-09,7337.369140625,7403.73291015625,7156.68310546875,7374.31103515625,406185700,16923.69921875
2026-03-10,7440.9130859375,7499.82421875,7372.8232421875,7443.0458984375,309617900,16886.0
2026-03-11,7389.39892578125,7527.31884765625,7380.80810546875,7484.77392578125,253162500,16852.0
2026-03-12,7362.1171875,7436.4970703125,7323.7421875,7398.85302734375,234355700,16884.0
2026-03-13,7137.2119140625,7350.27978515625,7132.2109375,7338.82421875,256288700,16908.0
2026-03-16,7022.2880859375,7120.18505859375,6917.32177734375,7115.451171875,264167600,16952.099609375
2026-03-17,7106.8388671875,7148.2509765625,7059.89013671875,7074.61083984375,226881800,16953.099609375
2026-03-25,7302.12109375,7302.12109375,7057.22314453125,7084.6220703125,346637800,16797.30078125
2026-03-26,7164.0908203125,7323.7021484375,7152.591796875,7313.6650390625,257658000,16749.599609375
2026-03-27,7097.05712890625,7154.55810546875,7070.2119140625,7136.3662109375,171896900,16925.0
2026-03-30,7091.669921875,7104.64208984375,6945.501953125,7020.5322265625,221811800,16958.0
2026-03-31,7048.22216796875,7155.5478515625,7031.10498046875,7122.9921875,231095700,16975.400390625
2026-04-01,7184.43798828125,7207.166015625,7136.2490234375,7149.2529296875,295360000,16936.400390625
2026-04-02,7026.7822265625,7161.796875,7019.23388671875,7153.11376953125,225269500,16924.099609375
2026-04-06,6989.42578125,7009.22998046875,6934.88916015625,7001.56005859375,252607400,16988.0
2026-04-07,6971.02685546875,7022.041015625,6942.626953125,7001.27783203125,225664500,17015.30078125
2026-04-08,7279.208984375,7281.86279296875,7118.5810546875,7162.40576171875,380025400,17027.400390625
2026-04-09,7307.5888671875,7308.578125,7191.5859375,7238.4619140625,258635500,17005.5
2026-04-10,7458.49609375,7488.01708984375,7346.494140625,7346.494140625,355891700,17059.0
2026-04-13,7500.18701171875,7527.873046875,7351.36083984375,7410.0849609375,373963700,17083.0
2026-04-14,7675.951171875,7686.35498046875,7592.744140625,7598.7958984375,487814900,17079.19921875
2026-04-15,7623.5859375,7773.578125,7623.5859375,7750.89599609375,463335700,17129.0
2026-04-16,7621.3818359375,7705.02978515625,7575.52685546875,7663.3408203125,364955200,17146.099609375
2026-04-17,7634.00390625,7673.85693359375,7607.9609375,7645.80517578125,359890300,17123.0
2026-04-20,7594.11083984375,7692.14501953125,7570.4248046875,7663.39501953125,375256000,17133.0
2026-04-21,7559.3798828125,7568.98876953125,7511.828125,7560.28515625,405582600,17123.80078125
2026-04-22,7541.61181640625,7578.05078125,7513.93896484375,7528.3427734375,459264700,17133.099609375
2026-04-23,7378.60595703125,7582.501953125,7378.60595703125,7564.41796875,503505300,17199.5
2026-04-24,7129.490234375,7383.39990234375,7115.97119140625,7378.07177734375,415830600,17329.0
2026-04-27,7106.52001953125,7230.0322265625,7106.52001953125,7158.5068359375,292563300,17246.0
2026-04-28,7072.39208984375,7151.505859375,7032.98388671875,7128.4658203125,272860900,17216.0
2026-04-29,7101.22607421875,7126.06298828125,7063.9921875,7096.60888671875,398389400,17244.0
2026-04-30,6956.80419921875,7109.00390625,6876.576171875,7103.255859375,451512600,17334.19921875
2026-05-04,6971.953125,7069.69482421875,6946.05615234375,6988.916015625,553310400,17288.5
2026-05-05,7057.10595703125,7069.20703125,6921.60888671875,6968.56591796875,364949700,17346.19921875
2026-05-06,7092.466796875,7127.72119140625,7049.919921875,7086.33984375,338543400,17389.80078125
2026-05-07,7174.32080078125,7207.0751953125,7107.1748046875,7160.7890625,327636900,17296.900390625
2026-05-08,6969.39599609375,7186.830078125,6969.39599609375,7182.9609375,393674100,17294.900390625
2026-05-11,6905.6201171875,7001.67919921875,6846.6318359375,6959.94287109375,353618500,17358.0
2026-05-12,6858.89892578125,6977.2861328125,6762.8779296875,6946.84521484375,291969900,17413.0
2026-05-13,6723.31982421875,6787.34521484375,6705.43310546875,6763.94482421875,263137300,17549.0
2026-05-18,6599.240234375,6631.2822265625,6398.7861328125,6628.97607421875,280639000,17586.0
2026-05-19,6370.67919921875,6635.126953125,6323.26416015625,6599.212890625,409331400,17701.0
